CommonName,Latitude,Longitude,ObservationDate,ObservationCondition,TransfToRehab,DiedAtSite,FinddingsOfHI
"Seal, harbor",47.5777,-122.5254,2021-01-03,Fresh Dead,N,N,CBD
"Seal, harbor",47.5798,-122.5259,2021-01-06,Condition Unknown,N,N,CBD
"Seal, harbor",47.3813,-122.6356,2021-01-07,Fresh Dead,N,N,N
"Seal, harbor",47.52645,-122.395383,2021-01-13,Fresh Dead,,,CBD
"Seal, harbor",47.8677,-122.5147,2021-01-16,Alive,N,N,CBD
"Seal, harbor",47.8153,-122.6559,2021-01-19,Fresh Dead,N,N,CBD
"Seal, harbor",47.378771,-122.404864,2021-01-21,Moderate Decomposition,,,CBD
"Seal, harbor",47.804,-122.486,2021-01-25,Moderate Decomposition,N,N,Y
"Seal, harbor",47.3088,-122.5399,2021-02-01,Fresh Dead,N,N,CBD
"Seal, harbor",46.35067,-124.06455,2021-02-01,Mummified/Skeletal,,,CBD
"Seal, harbor",46.51128,-124.06029,2021-02-07,Fresh Dead,,,CBD
"Seal, harbor",48.135462,-122.761735,2021-02-08,Fresh Dead,,,CBD
"Seal, harbor",47.6926495,-122.7718376,2021-02-17,Fresh Dead,,,CBD
"Seal, harbor",47.2022,-122.5824,2021-02-19,Alive,,,CBD
"Seal, harbor",46.9933,-124.1753,2021-02-19,Fresh Dead,N,N,CBD
"Seal, harbor",48.12567,-122.466302,2021-02-20,Moderate Decomposition,,,CBD
"Seal, harbor",48.3408,-124.671,2021-02-22,Moderate Decomposition,,,CBD
"Seal, harbor",48.3031,-124.6645,2021-02-24,Moderate Decomposition,,,CBD
"Seal, harbor",48.496051,-122.600095,2021-03-03,Fresh Dead,,,CBD
"Seal, harbor",48.971617,-123.0813807,2021-03-03,Fresh Dead,,,CBD
"Seal, harbor",46.9289,-124.1757,2021-03-07,Moderate Decomposition,,,CBD
"Seal, harbor",46.9304,-124.1012,2021-03-10,Mummified/Skeletal,,,CBD
"Seal, harbor",46.7688,-124.1095,2021-03-14,Moderate Decomposition,,,Y
"Seal, harbor",,,2021-03-15,Moderate Decomposition,,,N
"Seal, harbor",47.8075,-122.3919,2021-03-15,Fresh Dead,,,Y
"Seal, harbor",46.4014,-124.06241,2021-03-27,Condition Unknown,,,CBD
"Seal, harbor",48.5643,-122.9359,2021-03-29,Fresh Dead,N,N,N
"Seal, harbor",47.032,-124.1743,2021-03-29,Fresh Dead,,,N
"Seal, harbor",48.7074,-122.9429,2021-04-01,Fresh Dead,,,CBD
"Seal, harbor",47.36,-123.101,2021-04-01,Moderate Decomposition,N,N,CBD
"Seal, harbor",47.7475,-122.5371,2021-04-02,Condition Unknown,,,CBD
"Seal, harbor",48.161,-123.71,2021-04-05,Moderate Decomposition,,,CBD
"Seal, harbor",48.09922,-122.527101,2021-04-05,Fresh Dead,,,N
"Seal, harbor",47.4543618,-122.5114853,2021-04-08,Fresh Dead,,,N
"Seal, harbor",48.6194,-123.1335,2021-04-10,Fresh Dead,,,N
"Seal, harbor",48.096941,-122.520214,2021-04-13,Moderate Decomposition,,,N
"Seal, harbor",48.6317,-122.9612,2021-04-19,Moderate Decomposition,,,N
"Seal, harbor",47.6162,-122.5157,2021-04-19,Fresh Dead,,,CBD
"Seal, harbor",47.6004,-122.5943,2021-04-19,Fresh Dead,,,CBD
"Seal, harbor",46.942,-124.1165,2021-04-20,Fresh Dead,,,CBD
"Seal, harbor",47.297,-122.6812,2021-04-20,Fresh Dead,,,N
"Seal, harbor",48.6403,-122.4814,2021-04-21,Alive,,,CBD
"Seal, harbor",47.3275,-122.6562,2021-04-21,Condition Unknown,,,CBD
"Seal, harbor",47.5287,-122.547,2021-04-22,Fresh Dead,,,CBD
"Seal, harbor",46.7528,-124.1054,2021-04-27,Moderate Decomposition,,,CBD
"Seal, harbor",46.7528,-124.1054,2021-04-27,Advanced Decomposition,,,CBD
"Seal, harbor",,,2021-04-30,Fresh Dead,,,N
"Seal, harbor",46.9949,-124.1747,2021-04-30,Alive,,,Y
"Seal, harbor",48.019444,-122.670556,2021-05-02,Fresh Dead,,,CBD
"Seal, harbor",47.967804,-122.350807,2021-05-05,Fresh Dead,,,N
"Seal, harbor",47.0183,-124.1749,2021-05-05,Fresh Dead,,,CBD
"Seal, harbor",48.386641,-122.534535,2021-05-07,Fresh Dead,,,CBD
"Seal, harbor",48.026184,-122.516773,2021-05-07,Moderate Decomposition,,,N
"Seal, harbor",46.8862,-124.1266,2021-05-10,Alive,,,CBD
"Seal, harbor",46.9076,-124.1198,2021-05-15,Alive,,,CBD
"Seal, harbor",46.357,-124.06478,2021-05-15,Alive,,Y,N
"Seal, harbor",47.0183,-124.1749,2021-05-17,Fresh Dead,,,CBD
"Seal, harbor",46.8865,-124.1263,2021-05-18,Alive,Y,,Y
"Seal, harbor",47.58278,-122.403367,2021-05-19,Alive,Y,,N
"Seal, harbor",46.9468,-124.1313,2021-05-20,Alive,Y,,Y
"Seal, harbor",47.8151,-122.6553,2021-05-25,Fresh Dead,,,CBD
"Seal, harbor",47.1765,-124.1976,2021-05-28,Alive,Y,,Y
"Seal, harbor",47.1524,-124.1921,2021-05-29,Alive,Y,,Y
"Seal, harbor",46.9468,-124.1311,2021-05-30,Alive,Y,,Y
"Seal, harbor",46.9277,-124.1742,2021-05-30,Alive,Y,,Y
"Seal, harbor",46.9043,-124.1057,2021-06-01,Alive,,,CBD
"Seal, harbor",46.9118,-124.11,2021-06-01,Fresh Dead,,,CBD
"Seal, harbor",48.9884,-122.7723,2021-06-02,Alive,,,Y
"Seal, harbor",47.8564,-122.5915,2021-06-03,Moderate Decomposition,,,CBD
"Seal, harbor",47.705,-122.6185,2021-06-03,Moderate Decomposition,,,N
"Seal, harbor",48.9884,-122.7723,2021-06-05,Alive,,,CBD
"Seal, harbor",48.400742,-122.547462,2021-06-05,Alive,,,N
"Seal, harbor",46.904,-124.1337,2021-06-05,Alive,,,Y
"Seal, harbor",47.6033,-122.703,2021-06-05,Moderate Decomposition,,,CBD
"Seal, harbor",47.1532,-122.8272,2021-06-06,Alive,,,N
"Seal, harbor",46.9045,-124.1056,2021-06-07,Alive,,,CBD
"Seal, harbor",47.0121,-124.1739,2021-06-07,Fresh Dead,,,CBD
"Seal, harbor",46.9116,-124.1181,2021-06-07,Fresh Dead,,,CBD
"Seal, harbor",46.852,-124.1141,2021-06-07,Condition Unknown,,,CBD
"Seal, harbor",47.215,-122.6611,2021-06-08,Fresh Dead,,,N
"Seal, harbor",47.2158,-122.6615,2021-06-08,Mummified/Skeletal,,,CBD
"Seal, harbor",46.993,-124.1745,2021-06-10,Fresh Dead,,,CBD
"Seal, harbor",48.2512,-122.39549,2021-06-13,Alive,Y,,N
"Seal, harbor",48.2512,-122.39.549,2021-06-13,Alive,Y,,N
"Seal, harbor",46.9464,-124.1326,2021-06-14,Alive,,,CBD
"Seal, harbor",47.2085,-122.745,2021-06-15,Condition Unknown,,,CBD
"Seal, harbor",48.6274,-122.9871,2021-06-18,Fresh Dead,,,N
"Seal, harbor",47.914568,-122.686128,2021-06-19,Fresh Dead,,,CBD
"Seal, harbor",46.995,-124.175,2021-06-20,Fresh Dead,,,CBD
"Seal, harbor",47.2214,-122.5959,2021-06-20,Condition Unknown,,,CBD
"Seal, harbor",48.6714,-122.9861,2021-06-21,Alive,,,CBD
"Seal, harbor",48.5902,-122.9665,2021-06-23,Alive,,,N
"Seal, harbor",48.7637,-122.9072,2021-06-23,Alive,Y,,Y
"Seal, harbor",48.4882,-123.0676,2021-06-23,Fresh Dead,,,CBD
"Seal, harbor",48.0023221,-122.8705174,2021-06-25,Alive,Y,,CBD
"Seal, harbor",48.6403,-122.4814,2021-06-25,Alive,Y,,Y
"Seal, harbor",48.4826,-123.0723,2021-06-25,Fresh Dead,,,CBD
"Seal, harbor",48.5885,-122.8013,2021-06-25,Moderate Decomposition,,,N
"Seal, harbor",48.7327,-123.0329,2021-06-25,Moderate Decomposition,,,N
"Seal, harbor",48.171,-122.717,2021-06-26,Alive,,,N
"Seal, harbor",46.4713,-124.06055,2021-06-26,Advanced Decomposition,,,CBD
"Seal, harbor",46.38661,-124.06366,2021-06-26,Condition Unknown,,,CBD
"Seal, harbor",47.1146,-122.8273,2021-06-26,Fresh Dead,,,CBD
"Seal, harbor",47.984731,-122.544317,2021-06-29,Moderate Decomposition,,,CBD
"Seal, harbor",47.5009,-122.3825,2021-06-29,Moderate Decomposition,,,CBD
"Seal, harbor",46.9622,-124.1725,2021-06-29,Alive,,,CBD
"Seal, harbor",48.5963,-123.1664,2021-06-30,Alive,,,N
"Seal, harbor",46.9315,-124.1018,2021-06-30,Advanced Decomposition,,,CBD
"Seal, harbor",47.8042,-122.3945,2021-07-01,Alive,Y,,CBD
"Seal, harbor",47.575735,-122.4204,2021-07-01,Advanced Decomposition,,,CBD
"Seal, harbor",47.3077,-122.5191,2021-07-01,Fresh Dead,,,CBD
"Seal, harbor",47.1519,-122.7423,2021-07-01,Fresh Dead,,,CBD
"Seal, harbor",48.8465,-122.591,2021-07-02,Alive,Y,,CBD
"Seal, harbor",48.6508,-123.1359,2021-07-03,Alive,,,N
"Seal, harbor",48.5186,-123.0125,2021-07-03,Advanced Decomposition,,,CBD
"Seal, harbor",47.3623,-123.1558,2021-07-03,Alive,,Y,CBD
"Seal, harbor",47.4034,-123.1416,2021-07-03,Moderate Decomposition,,,N
"Seal, harbor",48.6317,-122.9608,2021-07-05,Alive,,,N
"Seal, harbor",46.49194,-124.06017,2021-07-05,Condition Unknown,,,CBD
"Seal, harbor",48.108323,-122.405981,2021-07-06,Alive,Y,,CBD
"Seal, harbor",48.441788,-122.671842,2021-07-06,Alive,,,N
"Seal, harbor",47.2287,-122.5902,2021-07-06,Alive,Y,,Y
"Seal, harbor",46.9024,-124.1285,2021-07-06,Advanced Decomposition,,,CBD
"Seal, harbor",47.6052,-122.6952,2021-07-06,Advanced Decomposition,,,CBD
"Seal, harbor",48.108323,-122.405981,2021-07-07,Alive,Y,,N
"Seal, harbor",47.9042,-122.5277,2021-07-07,Moderate Decomposition,,,CBD
"Seal, harbor",47.3459,-122.8231,2021-07-07,Alive,Y,,CBD
"Seal, harbor",48.5946,-123.0901,2021-07-08,Alive,,,N
"Seal, harbor",47.2165,-122.6613,2021-07-08,Mummified/Skeletal,,,CBD
"Seal, harbor",47.9227361,-122.6879609,2021-07-09,Fresh Dead,,,CBD
"Seal, harbor",48.6712,-123.1799,2021-07-09,Alive,,,CBD
"Seal, harbor",47.3887,-122.813,2021-07-09,Fresh Dead,,,CBD
"Seal, harbor",47.3503,-122.5555,2021-07-09,Condition Unknown,,,CBD
"Seal, harbor",47.1414,-122.9044,2021-07-09,Alive,Y,,Y
"Seal, harbor",47.091,-122.899,2021-07-09,Fresh Dead,,,CBD
"Seal, harbor",47.2577,-122.4361,2021-07-10,Alive,,,CBD
"Seal, harbor",47.7237,-122.6397,2021-07-10,Alive,,,CBD
"Seal, harbor",47.1447,-122.8276,2021-07-10,Alive,,,CBD
"Seal, harbor",47.2914,-122.6868,2021-07-11,Moderate Decomposition,,,CBD
"Seal, harbor",48.5206,-122.5091,2021-07-12,Alive,Y,,CBD
"Seal, harbor",48.6754,-123,2021-07-12,Alive,,,N
"Seal, harbor",47.6162,-122.5148,2021-07-12,Fresh Dead,,,CBD
"Seal, harbor",47.3111,-122.7919,2021-07-12,Advanced Decomposition,,,CBD
"Seal, harbor",47.0815,-122.7206,2021-07-12,Fresh Dead,,,CBD
"Seal, harbor",48.080661,-122.887708,2021-07-13,Alive,Y,,CBD
"Seal, harbor",48.716854,-122.700593,2021-07-14,Moderate Decomposition,,,CBD
"Seal, harbor",48.7007,-123.0697,2021-07-14,Alive,,,N
"Seal, harbor",48.5498,-123.1633,2021-07-14,Alive,,,N
"Seal, harbor",48.533,-122.9731,2021-07-14,Alive,,,N
"Seal, harbor",47.3488,-122.556,2021-07-14,Moderate Decomposition,,,CBD
"Seal, harbor",48.678093,-122.50336,2021-07-15,Moderate Decomposition,,,CBD
"Seal, harbor",48.678093,-122.50336,2021-07-15,Moderate Decomposition,,,CBD
"Seal, harbor",48.0375,-124.6815,2021-07-15,Fresh Dead,,,CBD
"Seal, harbor",48.7484,-122.8424,2021-07-15,Alive,,,N
"Seal, harbor",48.125,-124.7104,2021-07-15,Moderate Decomposition,,,CBD
"Seal, harbor",47.5701,-123.0138,2021-07-15,Alive,Y,,Y
"Seal, harbor",47.133,-122.9059,2021-07-16,Advanced Decomposition,,,CBD
"Seal, harbor",45.751305,-122.485158,2021-07-17,Advanced Decomposition,,,CBD
"Seal, harbor",48.4572,-123.0146,2021-07-17,Alive,,,N
"Seal, harbor",48.5068,-123.0193,2021-07-17,Alive,,,N
"Seal, harbor",48.5458,-122.8541,2021-07-17,Moderate Decomposition,,,CBD
"Seal, harbor",48.431,-122.424,2021-07-18,Fresh Dead,,,CBD
"Seal, harbor",48.6458,-122.8716,2021-07-18,Moderate Decomposition,,,N
"Seal, harbor",47.2471,-122.5512,2021-07-18,Alive,,,Y
"Seal, harbor",47.3347,-122.6551,2021-07-18,Alive,,,N
"Seal, harbor",46.93,-124.1008,2021-07-18,Advanced Decomposition,,,CBD
"Seal, harbor",47.0411,-122.903,2021-07-18,Moderate Decomposition,,,CBD
"Seal, harbor",48.6889,-122.9596,2021-07-19,Alive,,,N
"Seal, harbor",47.5388,-122.39708,2021-07-19,Fresh Dead,,,Y
"Seal, harbor",46.993,-124.1723,2021-07-19,Alive,,,CBD
"Seal, harbor",47.1885,-122.6952,2021-07-19,Fresh Dead,,,CBD
"Seal, harbor",47.5777,-122.6857,2021-07-19,Moderate Decomposition,,,CBD
"Seal, harbor",48.5124,-122.7768,2021-07-20,Alive,Y,,Y
"Seal, harbor",48.6013,-123.1522,2021-07-21,Alive,Y,,Y
"Seal, harbor",48.6735,-123.1681,2021-07-21,Alive,,,N
"Seal, harbor",48.6607,-123.1453,2021-07-21,Alive,Y,,Y
"Seal, harbor",47.7272,-122.6442,2021-07-21,Alive,,,Y
"Seal, harbor",47.349,-123.0678,2021-07-21,Alive,Y,,Y
"Seal, harbor",48.212362,-122.355275,2021-07-22,Alive,,,CBD
"Seal, harbor",48.166,-123.705,2021-07-23,Alive,,,N
"Seal, harbor",48.677,-123.1989,2021-07-23,Alive,,,N
"Seal, harbor",47.309,-122.865,2021-07-23,Alive,,Y,CBD
"Seal, harbor",48.7193,-122.5158,2021-07-24,Alive,Y,,CBD
"Seal, harbor",48.6389,-123.0188,2021-07-24,Alive,,,CBD
"Seal, harbor",48.5206,-123.0068,2021-07-24,Alive,,,N
"Seal, harbor",47.1723,-122.6029,2021-07-24,Alive,Y,,Y
"Seal, harbor",47.338,-122.826,2021-07-24,Alive,,,CBD
"Seal, harbor",48.59279,-122.46267,2021-07-25,Moderate Decomposition,,,CBD
"Seal, harbor",48.5389,-122.8582,2021-07-25,Alive,,,Y
"Seal, harbor",48.6609,-123.1898,2021-07-25,Alive,,,N
"Seal, harbor",47.3308,-122.5763,2021-07-25,Alive,Y,,Y
"Seal, harbor",47.3577,-123.1011,2021-07-25,Alive,,,N
"Seal, harbor",47.386723,-122.458939,2021-07-26,Alive,Y,,Y
"Seal, harbor",48.5146,-123.1513,2021-07-26,Alive,,,Y
"Seal, harbor",48.5199,-122.9768,2021-07-26,Alive,,,N
"Seal, harbor",47.2111,-122.7471,2021-07-26,Alive,,,Y
"Seal, harbor",47.251,-122.5528,2021-07-26,Condition Unknown,,,CBD
"Seal, harbor",48.5742,-122.4545,2021-07-27,Alive,,,CBD
"Seal, harbor",48.7356,-122.72,2021-07-27,Alive,Y,,CBD
"Seal, harbor",47.0577,-122.8996,2021-07-27,Moderate Decomposition,,,CBD
"Seal, harbor",48.7843,-122.9645,2021-07-28,Alive,,,N
"Seal, harbor",47.5435,-122.5051,2021-07-28,Alive,Y,,Y
"Seal, harbor",48.058889,-122.696389,2021-07-29,Fresh Dead,,,N
"Seal, harbor",47.8821,-122.3253,2021-07-29,Moderate Decomposition,,,CBD
"Seal, harbor",48.5278,-123.0011,2021-07-29,Alive,,,N
"Seal, harbor",47.3479,-122.5563,2021-07-30,Moderate Decomposition,,,CBD
"Seal, harbor",47.5713,-123.0113,2021-07-30,Mummified/Skeletal,,,CBD
"Seal, harbor",48.5363,-122.8517,2021-07-31,Fresh Dead,,,CBD
"Seal, harbor",48.5915,-123.034,2021-07-31,Moderate Decomposition,,,CBD
"Seal, harbor",47.4147,-122.9158,2021-07-31,Condition Unknown,,,CBD
"Seal, harbor",47.5748,-122.672,2021-08-01,Fresh Dead,,,CBD
"Seal, harbor",47.5748,-122.672,2021-08-01,Moderate Decomposition,,,CBD
"Seal, harbor",48.03944,-122.69833,2021-08-02,Fresh Dead,,,CBD
"Seal, harbor",47.370468,-122.455229,2021-08-02,Alive,Y,,CBD
"Seal, harbor",48.121,-123.434,2021-08-02,Moderate Decomposition,,,CBD
"Seal, harbor",48.40111,-122.40067,2021-08-03,Moderate Decomposition,,,CBD
"Seal, harbor",48.205814,-122.445072,2021-08-03,Alive,,Y,N
"Seal, harbor",48.5207,-123.0069,2021-08-03,Moderate Decomposition,,,CBD
"Seal, harbor",47.3121,-122.6855,2021-08-03,Alive,Y,,CBD
"Seal, harbor",48.99208,-122.75337,2021-08-04,Moderate Decomposition,,,CBD
"Seal, harbor",48.992,-122.753,2021-08-04,Advanced Decomposition,,,CBD
"Seal, harbor",46.984,-124.1748,2021-08-04,Fresh Dead,,,CBD
"Seal, harbor",46.7721,-124.1058,2021-08-04,Fresh Dead,,,Y
"Seal, harbor",47.2158,-122.6612,2021-08-05,Fresh Dead,,,CBD
"Seal, harbor",47.2164,-122.6609,2021-08-05,Mummified/Skeletal,,,CBD
"Seal, harbor",47.357,-123.1008,2021-08-05,Alive,,,CBD
"Seal, harbor",47.1064,-122.7412,2021-08-05,Fresh Dead,,,CBD
"Seal, harbor",47.581,-122.405,2021-08-06,Condition Unknown,,,CBD
"Seal, harbor",48.163,-122.6415,2021-08-08,Fresh Dead,,,CBD
"Seal, harbor",47.511796,-122.394355,2021-08-08,Fresh Dead,,,N
"Seal, harbor",48.5416,-123.16,2021-08-08,Moderate Decomposition,,,N
"Seal, harbor",47.338,-122.6637,2021-08-08,Moderate Decomposition,,,CBD
"Seal, harbor",47.297,-122.6884,2021-08-08,Moderate Decomposition,,,CBD
"Seal, harbor",48.050469,-122.8375,2021-08-09,Moderate Decomposition,,,CBD
"Seal, harbor",47.58308,-122.40231,2021-08-09,Moderate Decomposition,,,CBD
"Seal, harbor",47.3315,-122.6558,2021-08-09,Fresh Dead,,,CBD
"Seal, harbor",47.605,-122.9829,2021-08-09,Fresh Dead,,,CBD
"Seal, harbor",47.075,-122.924,2021-08-09,Advanced Decomposition,,,CBD
"Seal, harbor",48.044639,-122.826694,2021-08-10,Fresh Dead,,,N
"Seal, harbor",47.2674,-122.6308,2021-08-10,Alive,Y,,CBD
"Seal, harbor",47.0428,-124.1759,2021-08-10,Fresh Dead,,,CBD
"Seal, harbor",47.7381,-122.6502,2021-08-10,Moderate Decomposition,,,CBD
"Seal, harbor",47.425,-123.0973,2021-08-10,Condition Unknown,,,CBD
"Seal, harbor",48.4507,-123.0246,2021-08-11,Fresh Dead,,,CBD
"Seal, harbor",47.2161,-122.6614,2021-08-12,Moderate Decomposition,,,CBD
"Seal, harbor",47.3211,-122.6866,2021-08-12,Moderate Decomposition,,,CBD
"Seal, harbor",47.3217,-122.687,2021-08-12,Advanced Decomposition,,,CBD
"Seal, harbor",47.6218,-122.512,2021-08-12,Advanced Decomposition,,,CBD
"Seal, harbor",47.3785,-123.149,2021-08-12,Alive,Y,,CBD
"Seal, harbor",47.6534,-122.8351,2021-08-13,Moderate Decomposition,,,CBD
"Seal, harbor",47.2991,-122.6865,2021-08-15,Fresh Dead,,,Y
"Seal, harbor",47.997353,-122.882309,2021-08-16,Fresh Dead,,,CBD
"Seal, harbor",47.8564,-122.59,2021-08-17,Moderate Decomposition,,,Y
"Seal, harbor",46.9417,-124.1155,2021-08-17,Advanced Decomposition,,,CBD
"Seal, harbor",48.0928647,-122.7228665,2021-08-18,Fresh Dead,,,N
"Seal, harbor",47.57175,-122.345167,2021-08-18,Alive,,Y,CBD
"Seal, harbor",47.2175,-122.6593,2021-08-18,Advanced Decomposition,,,CBD
"Seal, harbor",47.2157,-122.6612,2021-08-18,Advanced Decomposition,,,CBD
"Seal, harbor",47.061,-122.901,2021-08-18,Condition Unknown,,,CBD
"Seal, harbor",48.5587,-122.8927,2021-08-19,Moderate Decomposition,,,N
"Seal, harbor",47.527644,-122.397,2021-08-19,Alive,,,CBD
"Seal, harbor",47.6632416,-122.9038794,2021-08-20,Fresh Dead,,,CBD
"Seal, harbor",48.095377,-122.416162,2021-08-21,Fresh Dead,,,N
"Seal, harbor",47.0784,-122.9027,2021-08-21,Advanced Decomposition,,,CBD
"Seal, harbor",48.158,-122.6698,2021-08-23,Fresh Dead,,,CBD
"Seal, harbor",47.311,-122.5249,2021-08-23,Fresh Dead,,,CBD
"Seal, harbor",47.135,-122.841,2021-08-23,Fresh Dead,,,CBD
"Seal, harbor",47.2186,-122.6586,2021-08-24,Fresh Dead,,,CBD
"Seal, harbor",47.2159,-122.6613,2021-08-24,Moderate Decomposition,,,CBD
"Seal, harbor",46.35445,-124.06573,2021-08-24,Condition Unknown,,,CBD
"Seal, harbor",47.368837,-122.43267,2021-08-25,Moderate Decomposition,,,CBD
"Seal, harbor",47.529,-122.399,2021-08-27,Alive,Y,,CBD
"Seal, harbor",47.8777,-124.5867,2021-08-28,Moderate Decomposition,,,CBD
"Seal, harbor",48.106944,-122.883056,2021-08-29,Moderate Decomposition,,,CBD
"Seal, harbor",47.378164,-122.413814,2021-08-29,Advanced Decomposition,,,CBD
"Seal, harbor",48.0984,-123.0475,2021-08-30,Advanced Decomposition,,,CBD
"Seal, harbor",48.9715508,-123.0821992,2021-08-30,Moderate Decomposition,,,CBD
"Seal, harbor",48.141,-123.429,2021-08-30,Moderate Decomposition,,,CBD
"Seal, harbor",47.133,-122.905,2021-08-30,Moderate Decomposition,,,Y
"Seal, harbor",48.7653,-122.8893,2021-08-31,Moderate Decomposition,,,N
"Seal, harbor",47.07,-122.899,2021-08-31,Fresh Dead,,,Y
"Seal, harbor",47.0,-122,2021-09-01,Alive,,Y,CBD
"Seal, harbor",47.0,-123,2021-09-02,Fresh Dead,,,CBD
"Seal, harbor",47.0,-123,2021-09-03,Condition Unknown,,,CBD
"Seal, harbor",48.0,-123,2021-09-04,Fresh Dead,,,CBD
"Seal, harbor",47.0,-123,2021-09-04,Condition Unknown,,,CBD
"Seal, harbor",48.13503,-122.32029,2021-09-04,Moderate Decomposition,,,N
"Seal, harbor",48.13503,-122.32029,2021-09-04,Moderate Decomposition,,,N
"Seal, harbor",47.0,-123,2021-09-05,Alive,Y,,CBD
"Seal, harbor",47.0,-123,2021-09-05,Fresh Dead,,,CBD
"Seal, harbor",48.0,-123,2021-09-05,Advanced Decomposition,,,CBD
"Seal, harbor",47.0,-123,2021-09-05,Condition Unknown,,,CBD
"Seal, harbor",47.583749,-122.401497,2021-09-05,Alive,Y,,Y
"Seal, harbor",48.0,-123,2021-09-06,Condition Unknown,,,CBD
"Seal, harbor",48.0,-123,2021-09-07,Moderate Decomposition,,,CBD
"Seal, harbor",48.3504,-123.0982,2021-09-07,Fresh Dead,,,N
"Seal, harbor",47.0,-123,2021-09-08,Fresh Dead,,,CBD
"Seal, harbor",47.0,-123,2021-09-08,Moderate Decomposition,,,CBD
"Seal, harbor",47.0,-123,2021-09-08,Advanced Decomposition,,,CBD
"Seal, harbor",47.560207,-122.404061,2021-09-08,Moderate Decomposition,,,CBD
"Seal, harbor",48.0,-125,2021-09-09,Moderate Decomposition,,,CBD
"Seal, harbor",48.571,-123.0199,2021-09-09,Fresh Dead,,,N
"Seal, harbor",48.044231,-122.767102,2021-09-10,Condition Unknown,,,CBD
"Seal, harbor",48.726264,-122.7201,2021-09-10,Mummified/Skeletal,,,CBD
"Seal, harbor",47.0,-122,2021-09-10,Moderate Decomposition,,,Y
"Seal, harbor",47.0,-122,2021-09-10,Moderate Decomposition,,,Y
"Seal, harbor",47.0,-122,2021-09-10,Condition Unknown,,,CBD
"Seal, harbor",48.0,-123,2021-09-10,Condition Unknown,,,CBD
"Seal, harbor",47.0,-123,2021-09-10,Condition Unknown,,,CBD
"Seal, harbor",47.0,-123,2021-09-10,Condition Unknown,,,CBD
"Seal, harbor",47.0,-123,2021-09-10,Advanced Decomposition,,,CBD
"Seal, harbor",48.0,-123,2021-09-11,Moderate Decomposition,,,Y
"Seal, harbor",47.0,-123,2021-09-11,Condition Unknown,,,CBD
"Seal, harbor",48.128,-123.457,2021-09-11,Alive,,,CBD
"Seal, harbor",48.0,-123,2021-09-12,Condition Unknown,,,CBD
"Seal, harbor",47.0,-123,2021-09-14,Fresh Dead,,,N
"Seal, harbor",47.0,-123,2021-09-14,Moderate Decomposition,,,CBD
"Seal, harbor",47.0,-123,2021-09-14,Advanced Decomposition,,,CBD
"Seal, harbor",48.6418,-122.7802,2021-09-14,Moderate Decomposition,,,CBD
"Seal, harbor",48.4312,-122.8773,2021-09-15,Moderate Decomposition,,,N
"Seal, harbor",47.563389,-122.345262,2021-09-15,Advanced Decomposition,,,CBD
"Seal, harbor",48.5191,-123.012,2021-09-16,Moderate Decomposition,,,CBD
"Seal, harbor",48.0,-123,2021-09-17,Moderate Decomposition,,,CBD
"Seal, harbor",48.0,-123,2021-09-17,Advanced Decomposition,,,CBD
"Seal, harbor",48.0,-123,2021-09-18,Moderate Decomposition,,,CBD
"Seal, harbor",48.0,-125,2021-09-19,Fresh Dead,,,CBD
"Seal, harbor",48.0,-123,2021-09-19,Advanced Decomposition,,,CBD
"Seal, harbor",47.0,-123,2021-09-19,Advanced Decomposition,,,CBD
"Seal, harbor",47.45729,-122.509388,2021-09-20,Advanced Decomposition,,,CBD
"Seal, harbor",48.0,-125,2021-09-21,Advanced Decomposition,,,CBD
"Seal, harbor",48.5842,-123.0458,2021-09-21,Advanced Decomposition,,,CBD
"Seal, harbor",48.0,-123,2021-09-23,Mummified/Skeletal,,,CBD
"Seal, harbor",48.0,-123,2021-09-23,Condition Unknown,,,CBD
"Seal, harbor",,,2021-09-24,Advanced Decomposition,,,N
"Seal, harbor",47.0,-122,2021-09-28,Moderate Decomposition,,,CBD
"Seal, harbor",47.0,-124,2021-09-29,Fresh Dead,,,Y
"Seal, harbor",48.100833,-122.687778,2021-10-01,Moderate Decomposition,,,CBD
"Seal, harbor",47.59045,-122.3935,2021-10-01,Advanced Decomposition,,,CBD
"Seal, harbor",47.0,-123,2021-10-01,Fresh Dead,,,Y
"Seal, harbor",48.5187,-123.0122,2021-10-01,Moderate Decomposition,,,CBD
"Seal, harbor",48.5413,-123.1595,2021-10-01,Moderate Decomposition,,,CBD
"Seal, harbor",47.59045,-122.3935,2021-10-01,Moderate Decomposition,,,CBD
"Seal, harbor",,,2021-10-05,Fresh Dead,,,N
"Seal, harbor",47.0,-124,2021-10-06,Fresh Dead,,,CBD
"Seal, harbor",47.0,-123,2021-10-06,Fresh Dead,,,CBD
"Seal, harbor",48.0,-123,2021-10-07,Advanced Decomposition,,,CBD
"Seal, harbor",48.0,-123,2021-10-07,Condition Unknown,,,CBD
"Seal, harbor",47.57204,-122.41318,2021-10-10,Advanced Decomposition,,,CBD
"Seal, harbor",48.127,-123.456,2021-10-13,Alive,,,CBD
"Seal, harbor",47.52564,-122.39567,2021-10-13,Advanced Decomposition,,,CBD
"Seal, harbor",,,2021-10-14,Fresh Dead,,,N
"Seal, harbor",47.0,-123,2021-10-14,Fresh Dead,,,CBD
"Seal, harbor",47.58335,-122.40174,2021-10-15,Alive,Y,,CBD
"Seal, harbor",48.0,-123,2021-10-17,Moderate Decomposition,,,CBD
"Seal, harbor",47.53928,-122.35789,2021-10-17,Fresh Dead,,,CBD
"Seal, harbor",47.0,-123,2021-10-18,Fresh Dead,,,CBD
"Seal, harbor",47.0,-123,2021-10-18,Advanced Decomposition,,,CBD
"Seal, harbor",47.0,-123,2021-10-18,Advanced Decomposition,,,CBD
"Seal, harbor",47.0,-123,2021-10-18,Condition Unknown,,,CBD
"Seal, harbor",48.5464,-123.0096,2021-10-21,Moderate Decomposition,,,CBD
"Seal, harbor",47.0,-124,2021-10-22,Alive,,,CBD
"Seal, harbor",,,2021-10-23,Advanced Decomposition,,,CBD
"Seal, harbor",48.134,-123.465,2021-10-23,Alive,Y,,Y
"Seal, harbor",47.34308,-122.456444,2021-10-25,Advanced Decomposition,,,CBD
"Seal, harbor",48.225599,-122.769214,2021-10-30,Fresh Dead,,,N
"Seal, harbor",48.592803,-122.696,2021-10-31,Moderate Decomposition,,,CBD
"Seal, harbor",46.5013,-124.03066,2021-11-02,Advanced Decomposition,,,CBD
"Seal, harbor",47.0,-123,2021-11-02,Fresh Dead,,,CBD
"Seal, harbor",47.8405421,-122.6852693,2021-11-05,Fresh Dead,,,N
"Seal, harbor",48.00796,-122.86228,2021-11-08,Alive,,,CBD
"Seal, harbor",47.0,-123,2021-11-08,Advanced Decomposition,,,CBD
"Seal, harbor",48.0,-123,2021-11-09,Fresh Dead,,,CBD
"Seal, harbor",48.0,-123,2021-11-12,Fresh Dead,,,Y
"Seal, harbor",48.0,-123,2021-11-16,Fresh Dead,,,CBD
"Seal, harbor",47.0,-123,2021-11-16,Moderate Decomposition,,,CBD
"Seal, harbor",47.526583,-122.395611,2021-11-16,Advanced Decomposition,,,CBD
"Seal, harbor",47.0,-123,2021-11-17,Fresh Dead,,,CBD
"Seal, harbor",47.0,-123,2021-11-17,Fresh Dead,,,CBD
"Seal, harbor",47.0,-123,2021-11-17,Advanced Decomposition,,,CBD
"Seal, harbor",48.0,-122,2021-11-26,Advanced Decomposition,,,CBD
"Seal, harbor",47.0,-123,2021-12-02,Advanced Decomposition,,,CBD
"Seal, harbor",47.402659,-122.330845,2021-12-07,Alive,Y,,CBD
"Seal, harbor",47.0,-124,2021-12-12,Fresh Dead,,,CBD
"Seal, harbor",47.7455333,-122.55055,2021-12-16,Moderate Decomposition,,,Y
"Seal, harbor",47.58067,-122.40664,2021-12-27,Advanced Decomposition,,,CBD
